{
	"info": {
		"_postman_id": "5b93bf44-f6ea-4e34-b291-d974683b5138",
		"name": "JWT",
		"schema": "https://schema.getpostman.com/json/collection/v2.1.0/collection.json",
		"_exporter_id": "31838857"
	},
	"item": [
		{
			"name": "인증",
			"protocolProfileBehavior": {
				"disableBodyPruning": true
			},
			"request": {
				"method": "GET",
				"header": [
					{
						"key": "Content-Type",
						"value": "application/json",
						"type": "text"
					}
				],
				"body": {
					"mode": "raw",
					"raw": "{\r\n    \"client_id\" : \"client_id\",\r\n    \"client_secret\" : \"client_secret\"\r\n}",
					"options": {
						"raw": {
							"language": "json"
						}
					}
				},
				"url": {
					"raw": "{{domain}}/auth",
					"host": [
						"{{domain}}"
					],
					"path": [
						"auth"
					]
				}
			},
			"response": []
		}
	]
}